Constellation,Size,Emissions,,,,
Astra,"13,620",6393,,,,
BlueWalker,243,117.8,,,,
Flock,150,3.7,,,,
Globalstar,"3,080",2896,,,,
Guowang,"12,992",383.6,,,,
Hanwha,"2,000",156.9,,,,
Honghu-3,"10,000",3021.9,,,,
HVNET,"1,440",381,,,,
KLEO,300,90.8,,,,
Kuiper,"3,232",172.7,,,,
Lacuna,240,95.3,,,,
Lightspeed,300,18.4,,,,
Lynk,"2,000",187,,,,
Omni,200,18.6,,,,
OneWeb,"7,088",424.9,,,,
Rassvet,900,240.9,,,,
SferaCon,640,171.3,,,,
Starlink (Gen2),"39,396",3741,,,,
Swarm,150,12.9,,,,
Xingshidai,200,15.3,,,,
Xingwang,966,197.2,,,,
Yinhe,"1,000",103.2,,,,