Constellation,Emissions_Per_Subscriber (kg),Std_Dev_Emissions_Per_Subscriber (kg)
Astra,958.9,99.2
BlueWalker,990.3,103.2
Cinnamon-937,476.6,49.6
Flock,50.4,5.3
Globalstar,1920.9,201.0
Guowang,60.3,6.3
Hanwha,160.3,16.6
Honghu-3,617.3,64.7
HVNET,540.5,56.8
KLEO,618.3,64.8
Kuiper,109.2,11.3
Lacuna,811.2,84.5
Lightspeed,125.3,13.0
Lynk,191.0,20.2
Omni,190.0,20.0
OneWeb,122.5,12.8
Rassvet,546.8,57.5
Semaphore-C,476.6,49.4
SferaCon,546.8,57.1
Starlink (Gen2),194.0,20.0
Swarm,175.7,18.4
Xingshidai,156.3,16.3
Xingwang,417.0,43.5
Yinhe,210.8,22.0
Average across constellations,444.5,13.0
