Constellation,Launch Event,Launcher Production,Electronics Production,Launcher Transportation,Electricity Consumption,Satellite Kr/Xe Propellant
Astra,432.0,74.0,7.0,241.0,33.0,6.0
BlueWalker,432.0,74.0,7.0,241.0,33.0,33.0
Cinnamon-937,432.0,74.0,7.0,241.0,33.0,0.4
Flock,432.0,74.0,7.0,241.0,33.0,2.0
Globalstar,432.0,74.0,7.0,241.0,33.0,8.0
Guowang,127.0,255.0,22.0,42.0,113.0,46.0
Hanwha,127.0,255.0,22.0,42.0,113.0,24.0
Honghu-3,127.0,255.0,22.0,42.0,113.0,1.0
HVNET,1235.0,182.0,16.0,685.0,81.0,31.0
KLEO,127.0,255.0,22.0,42.0,113.0,2.0
Kuiper,288.0,403.0,35.0,264.0,179.0,192.0
Lacuna,196.0,342.0,30.0,5.0,152.0,0.2
Lightspeed,432.0,74.0,7.0,241.0,33.0,147.0
Lynk,432.0,74.0,7.0,241.0,33.0,3.0
Omni,432.0,74.0,7.0,241.0,33.0,0.5
OneWeb,432.0,74.0,7.0,241.0,33.0,26.0
Rassvet,196.0,342.0,30.0,5.0,152.0,9.0
Semaphore-C,432.0,74.0,7.0,241.0,33.0,0.4
SferaCon,196.0,342.0,30.0,5.0,152.0,7.0
Starlink (Gen2),2744.0,70.0,15.0,0.0,3.0,170.0
Swarm,432.0,74.0,7.0,241.0,33.0,62.0
Xingshidai,127.0,255.0,22.0,42.0,113.0,2.0
Xingwang,127.0,255.0,22.0,42.0,113.0,9.0
Yinhe,127.0,255.0,22.0,42.0,113.0,15.0
