Rocket,Launch Event,Launcher Production,Electronics Production,Launcher Transportation,Electricity Consumption
Ariane-5,"182,494","759,416","66,660","201,199","337,915"
Ariane-62,0,"669,815","58,795","97,106","298,045"
Ariane-64,0,"1,087,897","95,494","157,717","484,078"
Atlas V,"366,624","403,233","35,395","263,880","179,425"
Falcon-9,"577,112","74,453","6,535","241,436","33,129"
Falcon-Heavy,"1,650,849","182,473","16,017","685,002","81,195"
Long March 5,"170,503","254,790","22,365","42,234","113,373"
LVM3,"246,790","901,815","79,160",0,"401,277"
New Glenn,"1,358,967","274,041","24,055","2,249","121,939"
Soyuz-FG,"264,017","341,985","30,019","5,446","152,172"
Starship,"5,435,866","69,643","14,811",0,"3,401"
Vulcan Centaur,"589,728","935,751","82,138","28,202","416,378"
