Constellation,Subscribers,Emissions
Astra,"6,666,990","5,403"
BlueWalker,"118,949",100
Cinnamon-937,"165,119,609","66,432"
Flock,"73,425",3
Globalstar,"1,507,660","2,448"
Guowang,"6,359,584",358
Hanwha,"979,000",146
Honghu-3,"4,895,000","2,806"
HVNET,"704,880",321
KLEO,"146,850",84
Kuiper,"1,582,064",163
Lacuna,"117,480",87
Lightspeed,"146,850",16
Lynk,"979,000",158
Omni,"97,900",16
OneWeb,"3,469,576",361
Rassvet,"440,550",221
Semaphore-C,"57,095,280","22,971"
SferaCon,"313,280",157
Starlink (Gen2),"19,284,342","1,973"
Swarm,"73,425",11
Xingshidai,"97,900",14
Xingwang,"472,857",183
Yinhe,"489,500",96