Constellation,Country,Modeled rocket,Reusable launcher,In country means
Astra,United States,Falcon-9,No,Yes
BlueWalker,United States,Falcon-9,Yes,Yes
Cinnamon-937,Rwanda,Falcon-9,No,No
Flock,United States,Falcon-9,Yes,Yes
Globalstar,United States,Falcon-9,Yes,Yes
Guowang,China,Long March 5,No,Yes
Hanwha,South Korea,Long March 5,No,Yes
Honghu-3,China,Long March 5,No,Yes
HVNET,United States,Falcon-Heavy,Yes,Yes
KLEO,Germany,Long March 5,No,Yes
Kuiper,United States,Atlas V,No,Yes
Lacuna,United Kingdom,Soyuz-FG,No,Yes
Lightspeed,Canada,Falcon-9,Yes,Yes
Lynk,United States,Falcon-9,Yes,Yes
Omni,United States,Falcon-9,Yes,Yes
OneWeb,United Kingdom,Falcon-9,Yes,Yes
Rassvet,Russia,Soyuz-FG,No,Yes
Semaphore-C,France,Falcon-9,No,No
SferaCon,Russia,Soyuz-FG,No,Yes
Starlink (Gen2),United States,Starship,Yes,Yes
Swarm,United States,Falcon-9,Yes,Yes
Xingshidai,China,Long March 5,No,Yes
Xingwang,China,Long March 5,No,Yes
Yinhe,China,Long March 5,No,Yes
